ImageId,IdCls
e663b9b2b.jpg,0
367e9c89a.jpg,0
6fa5984c1.jpg,0
0e0fb75c9.jpg,0
b5160cecc.jpg,0
edc1a4e0d.jpg,0
54a6ec497.jpg,0
53ee0939b.jpg,0
7619476c2.jpg,0
818077476.jpg,0
cf97b304a.jpg,0
4921fd481.jpg,0
fa5ea2e1c.jpg,0
170a39c2c.jpg,0
c46d7136c.jpg,0
0f38808f7.jpg,0
4a760fb99.jpg,0
3a90c26ed.jpg,0
f285df57d.jpg,0
01c2e8d54.jpg,0
2af896d02.jpg,0
0fe19a029.jpg,0
85059d5c3.jpg,0
73a9a75f1.jpg,0
92907d80a.jpg,0
d25381249.jpg,0
637d7e7df.jpg,0
b60eae93e.jpg,0
4d3a60574.jpg,0
291c7d46a.jpg,0
90102f3a6.jpg,0
6aa30bc5a.jpg,0
20fcd53a3.jpg,0
e3da55562.jpg,0
cb5713c62.jpg,0
54ea4c059.jpg,0
257a0dffa.jpg,0
f490c7b8c.jpg,0
4aa5ea65e.jpg,0
a872a6d1e.jpg,0
0a5d3d96d.jpg,0
3274c7cf2.jpg,0
fef3afb4d.jpg,0
b7e72a8f1.jpg,0
d360dc1c8.jpg,0
3e3841345.jpg,0
3db10dde5.jpg,0
051d3d754.jpg,0
211d7eb94.jpg,0
7cf343d45.jpg,0
337a0316f.jpg,0
d7c6cdaa3.jpg,0
46547f46e.jpg,0
f31990904.jpg,0
79a193e71.jpg,0
37ded3632.jpg,0
c47504bee.jpg,0
9eac752d0.jpg,0
c37aaf065.jpg,0
2aa37a78f.jpg,0
e9000784f.jpg,0
d7cf6066b.jpg,0
de13aa0e6.jpg,0
f42b7eaa7.jpg,0
f6938ffb4.jpg,0
5b66ed8cc.jpg,0
436f14b7f.jpg,0
642e5e002.jpg,0
0c2adf200.jpg,0
dff7a31fc.jpg,0
af99310a9.jpg,0
00dc34840.jpg,0
4ac18e31a.jpg,0
9fbf256c4.jpg,0
e11917a16.jpg,0
14fb24f9f.jpg,0
ba6e43c75.jpg,0
eff20fd1d.jpg,0
5371a8db3.jpg,0
2a707ff2d.jpg,0
70ae6572e.jpg,0
4b16e0bb6.jpg,0
1605ea2cd.jpg,0
8a56c9bdd.jpg,0
e18bf55a2.jpg,0
d6cf01e6f.jpg,0
9cd6782cd.jpg,0
993f15d80.jpg,0
ad18ccd41.jpg,0
91a4be745.jpg,0
a00886458.jpg,0
4be96651d.jpg,0
9bb36b1de.jpg,0
14a2f5757.jpg,0
f90b026e3.jpg,0
bcb84cbc5.jpg,0
3a7c57df9.jpg,0
6b8f83d55.jpg,0
3a3b0f2e8.jpg,0
723961d9b.jpg,0
9dacb2594.jpg,0
dfa1077c2.jpg,0
a67edfabc.jpg,0
29e686567.jpg,0
df9d741cf.jpg,0
513adfe27.jpg,0
fd499079c.jpg,0
645f1539b.jpg,0
c5048432c.jpg,0
2a769fa76.jpg,0
d9513b349.jpg,0
33793d9da.jpg,0
f61e38afb.jpg,0
79b58308b.jpg,0
1b3d36f52.jpg,0
a1deb16d1.jpg,0
b051f2477.jpg,0
1623e29fb.jpg,0
32cf1dd76.jpg,0
ead8500db.jpg,0
d0a337b7f.jpg,0
0e445f449.jpg,0
ca38a38a1.jpg,0
042a2ae08.jpg,0
3489f7442.jpg,0
2669b5a4e.jpg,0
dc0f2e22b.jpg,0
9e102832b.jpg,0
4c0e71dec.jpg,0
b36ad6b4d.jpg,0
2c368718c.jpg,0
b8d349337.jpg,0
462d363b1.jpg,0
1ba3b8754.jpg,0
56af9bc89.jpg,0
586dbd67b.jpg,0
64339f299.jpg,0
d62b6c1b4.jpg,0
1474668e9.jpg,0
b3fac7edd.jpg,0
f8752d2cd.jpg,0
20579f4f0.jpg,0
89016d2b8.jpg,0
08ef70bf7.jpg,0
ea8701f8f.jpg,0
4a0567fc7.jpg,0
f33ed4877.jpg,0
917bcc5de.jpg,0
955c4ae9e.jpg,0
5dae8046b.jpg,0
663687cbf.jpg,0
5337a63da.jpg,0
346bd7c18.jpg,0
9aa5131ac.jpg,0
7b506144c.jpg,0
c8a7ce22a.jpg,0
fed1bcd24.jpg,0
107da55fb.jpg,0
77473cc8d.jpg,0
781822802.jpg,0
d5ecc55c2.jpg,0
3a00ee60d.jpg,0
a2db23059.jpg,0
0e3efbf9f.jpg,0
336776925.jpg,0
a25017709.jpg,0
8e39008ae.jpg,0
bba0d8ed5.jpg,0
73c27019a.jpg,0
49c6355c4.jpg,0
5e0b989e5.jpg,0
6bd4880fd.jpg,0
22825b4a2.jpg,0
a86be5a83.jpg,0
b9095ba03.jpg,0
fd83bca0c.jpg,0
e8e9547d1.jpg,0
d697e0132.jpg,0
00aa79c47.jpg,0
b60947b27.jpg,0
a6d79384e.jpg,0
ed51c35e5.jpg,0
020cb7b89.jpg,0
f3271e53f.jpg,0
769e22e52.jpg,0
4b37a328e.jpg,0
cec176595.jpg,0
0d5b831d8.jpg,0
0035268d9.jpg,0
8a5769397.jpg,0
154c3aade.jpg,0
2148007d7.jpg,0
ad8f7144d.jpg,0
d407c02e5.jpg,0
3f3d0cef8.jpg,0
b01d6560d.jpg,0
52c4936d1.jpg,0
8ad59238d.jpg,0
f925b22a0.jpg,0
00fa68a59.jpg,0
3a3ae1bdf.jpg,0
f1ad2f2d2.jpg,0
8194a0903.jpg,0
9e622d004.jpg,0
7c83b8d9e.jpg,0
432376ed8.jpg,0
efed99836.jpg,0
0e0e99104.jpg,0
72a9476a4.jpg,0
f21e77356.jpg,0
81c9d1fdb.jpg,0
b10854744.jpg,0
2dbfe04f7.jpg,0
0f10acf24.jpg,0
6ebf75b82.jpg,0
b75f6d5cd.jpg,0
3347bde6c.jpg,0
d4dfdcae3.jpg,0
815f008eb.jpg,0
8cbd258c6.jpg,0
707d8c6b3.jpg,0
23c7a674f.jpg,0
6c3abcda1.jpg,0
fd219c3ca.jpg,0
4cc15df47.jpg,0
cb887c214.jpg,0
37893d82e.jpg,0
dfe1d30a7.jpg,0
898837df3.jpg,0
2c0e6a668.jpg,0
13fc82459.jpg,0
b399f4d49.jpg,0
7283d0e09.jpg,0
19a322d31.jpg,0
2831aaad3.jpg,0
0cb332b3b.jpg,0
608f51e52.jpg,0
7e2ae7679.jpg,0
d6b2845e7.jpg,0
3832a8f8e.jpg,0
f00603beb.jpg,0
b5a670ea7.jpg,0
3ba84e601.jpg,0
9badca83a.jpg,0
9cf67488a.jpg,0
0010551d9.jpg,0
bc69bd0a3.jpg,0
d4ca796f5.jpg,0
f02e4b6a1.jpg,0
140a0dba0.jpg,0
d22c1b815.jpg,0
0f35dab07.jpg,0
ff624dc46.jpg,0
0da346d32.jpg,0
dbbe8bc63.jpg,0
8920249aa.jpg,0
774e62183.jpg,0
508b6fb7d.jpg,0
782ad000a.jpg,0
f0ada4ad1.jpg,0
36eb3207a.jpg,0
7fffe501d.jpg,0
803e8e4ad.jpg,0
4207e0b85.jpg,0
ca541b198.jpg,0
5ac801866.jpg,0
c989b912e.jpg,0
e4d6d98c6.jpg,0
cd8226d86.jpg,0
7973acc19.jpg,0
03b906a04.jpg,0
259bb8101.jpg,0
a3c1228b5.jpg,0
3b0d1d4b2.jpg,0
43ad62225.jpg,0
0864c6cb4.jpg,0
bca9302a0.jpg,0
f414acbfe.jpg,0
d1371d67a.jpg,0
c338c2adb.jpg,0
6b9a805e2.jpg,0
bcdceb565.jpg,0
5f7d56cee.jpg,0
2108ac076.jpg,0
8d10e2280.jpg,0
51e47a7db.jpg,0
a21a9c74c.jpg,0
43ad34904.jpg,0
2dea33cf9.jpg,0
e487a3c1b.jpg,0
8805a1a99.jpg,0
ae2bf1a03.jpg,0
578f857b8.jpg,0
6b0638b89.jpg,0
e1db2e302.jpg,0
24ef84ba7.jpg,0
e8d23bc6d.jpg,0
5c34a90de.jpg,0
8902aebed.jpg,0
bbe582425.jpg,0
934f6e973.jpg,0
efdd7f32d.jpg,0
ff3f571ad.jpg,0
d0ec0fea4.jpg,0
c58346350.jpg,0
0eeb4dcca.jpg,0
11e0da756.jpg,0
d6286a37c.jpg,0
262ada25b.jpg,0
c9ae1dd6e.jpg,0
ad77ae08d.jpg,0
2ee09ff6c.jpg,0
10e57d977.jpg,0
8d2997218.jpg,0
09c1c126c.jpg,0
469cd1926.jpg,0
0d13a139e.jpg,0
4f730c0e5.jpg,0
a214399d0.jpg,0
3486a3c38.jpg,0
f402e52fa.jpg,0
fefd2418b.jpg,0
baa31429d.jpg,0
534e10e90.jpg,0
d3f620fd9.jpg,0
d974103b7.jpg,0
842413f5d.jpg,0
b172ed972.jpg,0
dad047800.jpg,0
a7a7463a1.jpg,0
1f5adda27.jpg,0
51fbf9dd2.jpg,0
b9a3f1f54.jpg,0
d13bfcaab.jpg,0
75878d052.jpg,0
6f4274d9e.jpg,0
a29fadfca.jpg,0
ef9383e8f.jpg,0
6112cba43.jpg,0
2b21e5113.jpg,0
e535317d3.jpg,0
70bdf004d.jpg,0
bd7260de6.jpg,0
162329e86.jpg,0
4bde69860.jpg,0
999414d0c.jpg,0
bda509410.jpg,0
6941231c5.jpg,0
8fef6641a.jpg,0
7ec3fae41.jpg,0
b3f7b5124.jpg,0
4e6243ce9.jpg,0
3c2ff54ad.jpg,0
0f5106368.jpg,0
edef0d0a5.jpg,0
9e9fb1297.jpg,0
26eb188ec.jpg,0
8df57c3d1.jpg,0
6776508d1.jpg,0
9494ef308.jpg,0
bcb7e6095.jpg,0
f289be032.jpg,0
65fd7374d.jpg,0
4ab36c2f7.jpg,0
7e7465d36.jpg,0
22b0fcc23.jpg,0
0f4743eb5.jpg,0
e14d6bd12.jpg,0
6509e1cca.jpg,0
7d60de306.jpg,0
69ac326c9.jpg,0
2df6f25f8.jpg,0
f3822da4b.jpg,0
c7717b08b.jpg,0
9fcebf896.jpg,0
56c244b16.jpg,0
01963652b.jpg,0
52ce57f6b.jpg,0
c0426580e.jpg,0
30016a1fe.jpg,0
f58a45ee1.jpg,0
7f72c7bec.jpg,0
c31a8a0cb.jpg,0
9a6deedcc.jpg,0
adaa94e1b.jpg,0
4285505d1.jpg,0
b399eb51e.jpg,0
8de9d8bad.jpg,0
f2a00672c.jpg,0
a1f19589a.jpg,0
9e37e7e05.jpg,0
747d3ecd4.jpg,0
1c9b172fe.jpg,0
3265ccaad.jpg,0
8d086d7a4.jpg,0
66ca3b0f1.jpg,0
cd60d5bf1.jpg,0
3ac14d6e9.jpg,0
ba6fe8a25.jpg,0
baebfac20.jpg,0
906bde6d6.jpg,0
48d303d30.jpg,0
314921888.jpg,0
3e7977847.jpg,0
1e415f44b.jpg,0
0eacf41bf.jpg,0
31b64a26e.jpg,0
450a2fdd1.jpg,0
161d853f3.jpg,0
413586f38.jpg,0
8efff8641.jpg,0
3ce213618.jpg,0
5a8764603.jpg,0
d05c54cb0.jpg,0
883b22f3c.jpg,0
e21ba9a84.jpg,0
9bc4ea7cb.jpg,0
348d740cb.jpg,0
439c69e71.jpg,0
eb2f455b1.jpg,0
6b6a780bc.jpg,0
9c36cc4b8.jpg,0
5c69129ca.jpg,0
2425944c4.jpg,0
8c0b36ba0.jpg,0
21352eff9.jpg,0
eb1362cfe.jpg,0
189c608e5.jpg,0
6ba18d674.jpg,0
b7839acf9.jpg,0
eced84dc3.jpg,0
0b4bb2032.jpg,0
7a6c0e1a3.jpg,0
c2eb54667.jpg,0
ff88472ea.jpg,0
8ee584e6a.jpg,0
8d2568f9c.jpg,0
927e78c76.jpg,0
1696102ff.jpg,0
586da2a0e.jpg,0
d985368db.jpg,0
8160a5294.jpg,0
8bb60a003.jpg,0
d9a7df768.jpg,0
68d3cf956.jpg,0
7ca788395.jpg,0
ee16f5017.jpg,0
96b4ae6ba.jpg,0
68040b138.jpg,0
5f59da9bf.jpg,0
306e859eb.jpg,0
fd544d698.jpg,0
2b2e3e3c3.jpg,0
90a32ce19.jpg,0
4848353b9.jpg,0
7ee32aa2d.jpg,0
24d044c9a.jpg,0
f993b357f.jpg,0
d38681b9e.jpg,0
6870d7e0e.jpg,0
09fdf6e40.jpg,0
57d6f102c.jpg,0
d15bcf694.jpg,0
c66dce8fd.jpg,0
12da3a020.jpg,0
ed0e423c7.jpg,0
2e8c2b5f1.jpg,0
1e220c806.jpg,0
9037fff8d.jpg,0
1e7e0b949.jpg,0
2eba75fad.jpg,0
92b67f9ba.jpg,0
a14ba7110.jpg,0
faa2edd30.jpg,0
7128aa90e.jpg,0
691cdfa8f.jpg,0
13d5e7c97.jpg,0
faba36c41.jpg,0
4bca3a18b.jpg,0
f96b23a5a.jpg,0
89a0010fa.jpg,0
ccdd14263.jpg,0
5dafe7ac7.jpg,0
beb65eb67.jpg,0
cdf9a62b7.jpg,0
3e26d0be3.jpg,0
4929b77f5.jpg,0
e7e2c2aa6.jpg,0
f7d653f3b.jpg,0
efb92936f.jpg,0
ecb5e6fb3.jpg,0
c638f73e8.jpg,0
bc8da4557.jpg,0
548d647d7.jpg,0
b0c186e27.jpg,0
8c2eaa190.jpg,0
296a13c42.jpg,0
74db5d8ff.jpg,0
726cba262.jpg,0
179dcd096.jpg,0
54653df12.jpg,0
1716dbe81.jpg,0
4f98f9cc8.jpg,0
a86a04b3b.jpg,0
c25ed9e60.jpg,0
9d50200c6.jpg,0
8c6176861.jpg,0
e38b0bfe5.jpg,0
cb052afa7.jpg,0
ee0519f91.jpg,0
1d6ab6262.jpg,0
3345b01f3.jpg,0
2dcb4a803.jpg,0
82ce02e3a.jpg,0
45d43380c.jpg,0
1652ca07d.jpg,0
ca48b9c02.jpg,0
249cb920f.jpg,0
c83c9a39b.jpg,0
c51db8f2a.jpg,0
34671bb33.jpg,0
1ce7c73e0.jpg,0
b56a8e29c.jpg,0
5e66d5fa3.jpg,0
7a21ec880.jpg,0
163049fdc.jpg,0
1d0f400ee.jpg,0
1398ecc29.jpg,0
1e9feba4d.jpg,0
901fed18f.jpg,0
e76fb81d4.jpg,0
3a2c9351a.jpg,0
033d98948.jpg,0
4ca62b9a9.jpg,0
1cd2dd46d.jpg,0
038b25948.jpg,0
0677b2d96.jpg,0
038ca8b5e.jpg,0
bb976cabb.jpg,0
436cf9a59.jpg,0
aebea6062.jpg,0
b1c675f70.jpg,0
d661d1481.jpg,0
f48b61c21.jpg,0
c6ca925de.jpg,0
dabdca2b7.jpg,0
26b78586b.jpg,0
9cf92a259.jpg,0
623ff2942.jpg,0
851229ec8.jpg,0
a64ed26b2.jpg,0
0b8cde107.jpg,0
cbd3085db.jpg,0
b8753e470.jpg,0
26f7fd065.jpg,0
a6b4e905c.jpg,0
bce943c47.jpg,0
abf8c8e0f.jpg,0
57ed27ddd.jpg,0
5a8f33425.jpg,0
45fe5a84b.jpg,0
31745469d.jpg,0
266f373ea.jpg,0
e07e432da.jpg,0
32bee9eaf.jpg,0
b8fa48863.jpg,0
e2228ba8d.jpg,0
00c3db267.jpg,0
df648f2f4.jpg,0
107920c76.jpg,0
9f57f7281.jpg,0
76b7376d2.jpg,0
e931b402a.jpg,0
b1bffe3cc.jpg,0
aeb799f26.jpg,0
a1ca83f2b.jpg,0
9bafbc98d.jpg,0
32b18cb82.jpg,0
54d955de6.jpg,0
50b9285e6.jpg,0
27e3cca26.jpg,0
f0e7bafcf.jpg,0
ab763afc9.jpg,0
b0b7c603f.jpg,0
1e4aef739.jpg,0
80ec27b47.jpg,0
2468d19d6.jpg,0
ffb082d5b.jpg,0
d9b4334a2.jpg,0
ee43886cc.jpg,0
71bc1ea20.jpg,0
317cdf378.jpg,0
e50507721.jpg,0
3566fb758.jpg,0
c5e862ca7.jpg,0
77146f298.jpg,0
230c78dec.jpg,0
fceca1d6d.jpg,0
50e86c8c7.jpg,0
6e21c292e.jpg,0
da002eb00.jpg,0
ab9b8f961.jpg,0
9a648a586.jpg,0
480bcaea7.jpg,0
c0f7f551b.jpg,0
01ece81e5.jpg,0
fad985367.jpg,0
e978ff6c3.jpg,0
404390149.jpg,0
d0a4e2f62.jpg,0
7fa7f6054.jpg,0
76bf07e34.jpg,0
b44552d62.jpg,0
498e173a6.jpg,0
ba44ced2a.jpg,0
ca379777e.jpg,0
38b7b47d5.jpg,0
fe9f01572.jpg,0
2222d3032.jpg,0
48b44a5f9.jpg,0
4d52c8656.jpg,0
87d0d6c46.jpg,0
57fc41f1a.jpg,0
c468aed78.jpg,0
5a619d140.jpg,0
c066ba16b.jpg,0
0b31a1eb1.jpg,0
5ff76b7a3.jpg,0
b0ec0d281.jpg,0
476165817.jpg,0
f5886b848.jpg,0
af0e71cb3.jpg,0
70a5ee217.jpg,0
250721c1b.jpg,0
beec9b7f1.jpg,0
6584cb817.jpg,0
20b185eba.jpg,0
422c9bd09.jpg,0
2b7b08438.jpg,0
8e2cd608a.jpg,0
7b798917d.jpg,0
7a5b73b31.jpg,0
90e73bbf2.jpg,0
e5e764cbd.jpg,0
4ae18ab5a.jpg,0
bf26e358d.jpg,0
8aeecbbd6.jpg,0
4dd402026.jpg,0
f64730aa4.jpg,0
c1b78e545.jpg,0
3db02dccf.jpg,0
0c0d90d8d.jpg,0
917c72986.jpg,0
b7f69ade4.jpg,0
02fc69df9.jpg,0
6a564bfd0.jpg,0
98fc44504.jpg,0
79144df5c.jpg,0
9255c8338.jpg,0
575656e2a.jpg,0
71dcbc0a9.jpg,0
4d84456fa.jpg,0
9c63e3704.jpg,0
151bbda00.jpg,0
8f5fc22ac.jpg,0
2de82c00e.jpg,0
1e40229e8.jpg,0
0ec10921f.jpg,0
ee79b7aab.jpg,0
788dcff8a.jpg,0
7bfc21526.jpg,0
e7e24507a.jpg,0
7ab6b1182.jpg,0
b93558787.jpg,0
d8d1bdc4e.jpg,0
d5411a044.jpg,0
2bf540ab6.jpg,0
c812d363b.jpg,0
2c5531e3e.jpg,0
45775b878.jpg,0
e0c4d51b5.jpg,0
33c16a2a4.jpg,0
dc998a7ef.jpg,0
6cf49e62e.jpg,0
270babb1d.jpg,0
8f2ef30fc.jpg,0
ae783ed24.jpg,0
be4643c67.jpg,0
800df6a0f.jpg,0
d20551aa0.jpg,0
67904ebcd.jpg,0
166fdad83.jpg,0
b800d7e87.jpg,0
a2613a318.jpg,0
28aa2b999.jpg,0
a880e256a.jpg,0
573a871a9.jpg,0
498bfc4e5.jpg,0
d2a2994fc.jpg,0
bdb2e47a9.jpg,0
d6d97c316.jpg,0
8df3c2806.jpg,0
e355741fe.jpg,0
bf1c00580.jpg,0
dfc0674c4.jpg,0
c4e534f3b.jpg,0
10a2be1bb.jpg,0
2a507e295.jpg,0
7563a59a7.jpg,0
346b5048d.jpg,0
e3adcb329.jpg,0
3da731328.jpg,0
9f0aa4ba9.jpg,0
47a5b0184.jpg,0
f488be37a.jpg,0
d5c05d747.jpg,0
659b58fb1.jpg,0
889d2d5d9.jpg,0
19f95d3a2.jpg,0
1aaf6552f.jpg,0
507cc4fef.jpg,0
8ebaca9e6.jpg,0
25725ccc6.jpg,0
8f7452f79.jpg,0
1d63fb60a.jpg,0
735f20fe7.jpg,0
0d8c36745.jpg,0
89d98bbf6.jpg,0
185ce60f3.jpg,0
59d532f06.jpg,0
780c884ef.jpg,0
fdce9b292.jpg,0
75462ccdc.jpg,0
b9585d43d.jpg,0
14a58a18d.jpg,0
ea3b1b221.jpg,0
4a4a1f8e5.jpg,0
69988a706.jpg,0
361ea2e0d.jpg,0
3046b8d81.jpg,0
ccd9ca8b4.jpg,0
73083966b.jpg,0
346ff3ef8.jpg,0
b81891000.jpg,0
692c9ff3c.jpg,0
f3435710f.jpg,0
eb8986d32.jpg,0
a438a97de.jpg,0
368a1de29.jpg,0
f8700c826.jpg,0
f0a9aac8a.jpg,0
9aa9dfda9.jpg,0
4dc6ad3c2.jpg,0
a604c9509.jpg,0
e3f6b2391.jpg,0
e9ed5c296.jpg,0
e0b6f0185.jpg,0
0893a94ed.jpg,0
161dfbbdc.jpg,0
ac3730f63.jpg,0
f9312bcb7.jpg,0
6ccbc1b33.jpg,0
2ad4f8a7d.jpg,0
84a91e311.jpg,0
e836fd274.jpg,0
36942ff1c.jpg,0
854e1c0ac.jpg,0
21c563253.jpg,0
dee704e4e.jpg,0
d2b023c16.jpg,0
77f39dc92.jpg,0
a1958b0df.jpg,0
45305db1b.jpg,0
94df7a774.jpg,0
2c493e3c4.jpg,0
900fae9c1.jpg,0
8316753c8.jpg,0
c6a37c57d.jpg,0
4ad848f31.jpg,0
a8b33551e.jpg,0
00e90efc3.jpg,0
038947f83.jpg,0
66ccc239a.jpg,0
86a1053e3.jpg,0
bec5172b6.jpg,0
351f61f0b.jpg,0
5df227560.jpg,0
5d75e5d48.jpg,0
c13499805.jpg,0
65a229c3b.jpg,0
200865a69.jpg,0
a4e80b489.jpg,0
36e2a4f0a.jpg,0
6aa9aae42.jpg,0
8efab2692.jpg,0
d8a978781.jpg,0
9d0662bc1.jpg,0
fefdeef7a.jpg,0
6e1fc08c2.jpg,0
f1ee844e4.jpg,0
5a82bde77.jpg,0
fadb92170.jpg,0
6f9d163d9.jpg,0
1cda647ad.jpg,0
f1f32a2a7.jpg,0
7f520e3f6.jpg,0
0a9fa3328.jpg,0
72390aa65.jpg,0
08404e9c5.jpg,0
b1169302a.jpg,0
69d50fc60.jpg,0
c8fbde1c9.jpg,0
a86c7019d.jpg,0
1aa5098d5.jpg,0
813397feb.jpg,0
36d6d5b8f.jpg,0
3e358f71f.jpg,0
58b43593f.jpg,0
8eda45f4c.jpg,0
6ec73b294.jpg,0
35bc25b95.jpg,0
2c5bcbd29.jpg,0
5497f37f4.jpg,0
23a2e7cc9.jpg,0
1546d3b5f.jpg,0
eefe4ba26.jpg,0
2dd08de94.jpg,0
86b67a286.jpg,0
f1dde91ca.jpg,0
dae99b362.jpg,0
0b15befb5.jpg,0
dde524a81.jpg,0
c409b9aee.jpg,0
242d70b26.jpg,0
589a337d5.jpg,0
83f02eb7e.jpg,0
46dba7e94.jpg,0
5dc7033ae.jpg,0
7200262c6.jpg,0
281adf109.jpg,0
7a33861d9.jpg,0
11a6f385d.jpg,0
d791e7abf.jpg,0
5b4d56807.jpg,0
4ed6a8bf2.jpg,0
827c9a92b.jpg,0
0dacffb05.jpg,0
660ef13ad.jpg,0
dc3d26e23.jpg,0
6b5925e8a.jpg,0
cbd628b21.jpg,0
175c4793d.jpg,0
efc198e1b.jpg,0
fd38636ef.jpg,0
762103981.jpg,0
c61f31d5a.jpg,0
e70ac668e.jpg,0
d21567423.jpg,0
2057b6824.jpg,0
f0feb922c.jpg,0
798c73623.jpg,0
4fe38bc12.jpg,0
652f8b610.jpg,0
ead9ea360.jpg,0
29d6c8240.jpg,0
bdf0eb9da.jpg,0
e1913acc0.jpg,0
b96bd0f68.jpg,0
eb56a2d9e.jpg,0
40c3547d4.jpg,0
ab52de80c.jpg,0
ef6a5f630.jpg,0
2393116c3.jpg,0
43f27497a.jpg,0
fe3d5dbd9.jpg,0
ddedb69cf.jpg,0
80dcb5dd3.jpg,0
8827f2051.jpg,0
0d744b579.jpg,0
e0fa17353.jpg,0
1bc640df0.jpg,0
fa31de4ca.jpg,0
1a71efb43.jpg,0
56c91bf91.jpg,0
c0624d45d.jpg,0
f7942491b.jpg,0
ba4491c77.jpg,0
8d6e9b10c.jpg,0
953b011a8.jpg,0
72b7d8561.jpg,0
270efef91.jpg,0
a1ea717af.jpg,0
679bb684f.jpg,0
8d530c05a.jpg,0
ec78d1647.jpg,0
bcdcd271a.jpg,0
ba86552ca.jpg,0
04b078506.jpg,0
be537dc08.jpg,0
a34b71cdd.jpg,0
2693e39c1.jpg,0
4af9e0f59.jpg,0
03801ed4d.jpg,0
05325ccaa.jpg,0
87e072abe.jpg,0
328751bbc.jpg,0
acc49f812.jpg,0
a98b0f1e8.jpg,0
10ce2ef79.jpg,0
ceedd4e69.jpg,0
a19e3ce9a.jpg,0
827b023dc.jpg,0
b4e65145a.jpg,0
47bff0ecb.jpg,0
bd64fe8b3.jpg,0
0b7359c38.jpg,0
03b2ba742.jpg,0
e6ff18205.jpg,0
d4d055730.jpg,0
7f270c70e.jpg,0
e1fb3b279.jpg,0
5c2b8f526.jpg,0
61efe9cbf.jpg,0
afccf53f2.jpg,0
cbc497096.jpg,0
5ca433a26.jpg,0
2bb90616e.jpg,0
c4ade9237.jpg,0
76fa313f8.jpg,0
d063558d7.jpg,0
aa72d2589.jpg,0
abdc9b252.jpg,0
623cbb5c6.jpg,0
e33b439d8.jpg,0
3b31f3aca.jpg,0
266981b34.jpg,0
52f690b12.jpg,0
b2cca1dd3.jpg,0
afcbb2e8d.jpg,0
bc9e63d1c.jpg,0
ec2822359.jpg,0
47711e94b.jpg,0
c462c4f41.jpg,0
ed0643cdb.jpg,0
033da35e2.jpg,0
58a5ba4a5.jpg,0
fd48be788.jpg,0
d3be80b86.jpg,0
8d0bf3611.jpg,0
ae622df4d.jpg,0
8f84d4fb5.jpg,0
009bc4be5.jpg,0
6b36c01cc.jpg,0
5f1778eda.jpg,0
099fe9212.jpg,0
f0cc64d2f.jpg,0
5d1f5d83e.jpg,0
7242578f3.jpg,0
ecceeb080.jpg,0
f13162269.jpg,0
eddb5b066.jpg,0
e2ab8778b.jpg,0
6fb11f454.jpg,0
35750d08b.jpg,0
cd3a3aec6.jpg,0
d50414fc1.jpg,0
1db99c681.jpg,0
76b9ce509.jpg,0
0c2848844.jpg,0
b24a93ea9.jpg,0
2d1a6f1d7.jpg,0
6dd222bec.jpg,0
58b9bd438.jpg,0
4d4d278c4.jpg,0
5f1499c32.jpg,0
123b28950.jpg,0
b8ea341b0.jpg,0
ecc1fc0b8.jpg,0
1e39928fa.jpg,0
3bf35a6cc.jpg,0
69d71b96d.jpg,0
e7dfaf709.jpg,0
8eb8e6846.jpg,0
a0698cc37.jpg,0
26ef7bba7.jpg,0
faef66bff.jpg,0
5f94afa1b.jpg,0
af58888f2.jpg,0
8fbfb62d1.jpg,0
cf155e120.jpg,0
502f14a5f.jpg,0
136c36c5d.jpg,0
cb267be19.jpg,0
1280616ce.jpg,0
ff3294cb9.jpg,0
617b056c2.jpg,0
55a487bcf.jpg,0
7b83cf98f.jpg,0
2868e5640.jpg,0
23fd9880e.jpg,0
8e913341d.jpg,0
58da6f749.jpg,0
2d1ea247a.jpg,0
23ff01ea3.jpg,0
8905d8b35.jpg,0
b4fea6772.jpg,0
3d6b54102.jpg,0
6d975c260.jpg,0
e46fb52ea.jpg,0
0c904111b.jpg,0
5a9efe1c5.jpg,0
cb217b394.jpg,0
86488b370.jpg,0
f36a11e35.jpg,0
ec32062f4.jpg,0
49106f688.jpg,0
e53bc9fdf.jpg,0
8efafe602.jpg,0
b5674db47.jpg,0
835c550bb.jpg,0
3652b0934.jpg,0
8f51bbc3c.jpg,0
b00900e36.jpg,0
f3bfd1318.jpg,0
f94901f03.jpg,0
00387da9b.jpg,0
555e03fc9.jpg,0
5246fb5a0.jpg,0
f67282b9d.jpg,0
2c3833baa.jpg,0
49dd8f28f.jpg,0
bb75368e1.jpg,0
0cbe812e7.jpg,0
aa8fe456f.jpg,0
fa67d8fa2.jpg,0
5dee73412.jpg,0
86bb70457.jpg,0
02f0248a0.jpg,0
b39d0c45e.jpg,0
2143a9f09.jpg,0
8825de6d4.jpg,0
ca6e4ab5f.jpg,0
9e524666e.jpg,0
94fb3a82a.jpg,0
faf982187.jpg,0
ddedf05e9.jpg,0
983d6ca10.jpg,0
932eade67.jpg,0
2b7af1d0b.jpg,0
3bceb9610.jpg,0
15f7e1714.jpg,0
c606673c1.jpg,0
f01164cd0.jpg,0
76d47d404.jpg,0
6891e3e37.jpg,0
ce7198be2.jpg,0
0e4f7c17d.jpg,0
b200d6de9.jpg,0
421a7fe71.jpg,0
5274635bd.jpg,0
3299d4d20.jpg,0
1aa81262b.jpg,0
c0fcc8571.jpg,0
86686248a.jpg,0
a7eff361b.jpg,0
62631afd5.jpg,0
0a7771d2b.jpg,0
8299646d1.jpg,0
457bda1d2.jpg,0
d487c46f9.jpg,0
da6dcbe7f.jpg,0
70e2ebeab.jpg,0
6977f0c76.jpg,0
ff84d9ed4.jpg,0
050340483.jpg,0
18c01d5c7.jpg,0
5b856b18a.jpg,0
00a0969df.jpg,0
216908de4.jpg,0
870396e1b.jpg,0
c2d0a300f.jpg,0
c4a2334b7.jpg,0
e23b6f8bc.jpg,0
7c7a33452.jpg,0
5346feba5.jpg,0
a5d48c6f4.jpg,0
0c0e9f2f6.jpg,0
adec51e84.jpg,0
4153e94d5.jpg,0
3cb970dd3.jpg,0
4f2627824.jpg,0
23da9a6f2.jpg,0
1c6fc6296.jpg,0
2679ba386.jpg,0
9661e8d59.jpg,0
b48e8804e.jpg,0
439a1fdb2.jpg,0
4b5635b17.jpg,0
1eaffd9d4.jpg,0
f4ac4f709.jpg,0
457f0f05a.jpg,0
ffc40c697.jpg,0
0e160472a.jpg,0
16bdb68f1.jpg,0
3ca2d6548.jpg,0
5f1b1f8e0.jpg,0
73fe373f5.jpg,0
25e4f3d54.jpg,0
fa840f7e8.jpg,0
001db1e48.jpg,0
cab6a6247.jpg,0
5b8972516.jpg,0
f967549f7.jpg,0
209970a3f.jpg,0
f89dc4df6.jpg,0
c61dc1e19.jpg,0
4a204f8bb.jpg,0
b168113cd.jpg,0
b924ac11d.jpg,0
776e1a80b.jpg,0
fc7ba8600.jpg,0
3ac01250e.jpg,0
6f83d20a2.jpg,0
50ef52a60.jpg,0
1716cf926.jpg,0
f4b2bd9b4.jpg,0
e21952997.jpg,0
40f1cbb13.jpg,0
c41025cf1.jpg,0
d1c0a2430.jpg,0
5ef63e5e0.jpg,0
81e71e924.jpg,0
5ec2076c6.jpg,0
70d0817e0.jpg,0
8c4cb09ab.jpg,0
6dd925312.jpg,0
902ab2905.jpg,0
46e67eba7.jpg,0
389db5948.jpg,0
9f7092769.jpg,0
de000ec67.jpg,0
926c4a999.jpg,0
e6793fbb1.jpg,0
3665e203d.jpg,0
9aa0a6957.jpg,0
7cb8e47f2.jpg,0
6bcc0f7db.jpg,0
2a677deba.jpg,0
b8514c8c5.jpg,0
2e8cf86cf.jpg,0
47db399d4.jpg,0
b309485f6.jpg,0
f0f0bca25.jpg,0
ca0d18082.jpg,0
681c1360e.jpg,0
4db5e7210.jpg,0
e0d39a48b.jpg,0
d64db39d7.jpg,0
f8950d432.jpg,0
acf3d5157.jpg,0
7963cb230.jpg,0
0b7adcfd9.jpg,0
69f6eb9bc.jpg,0
28418ee72.jpg,0
03fc29e21.jpg,0
3c2a4c289.jpg,0
fd05be0ae.jpg,0
7aa51213d.jpg,0
3d1c1c629.jpg,0
ccdd79918.jpg,0
c57b5d7ec.jpg,0
b00943164.jpg,0
1b8eb8c19.jpg,0
21a3267a3.jpg,0
8ec51c926.jpg,0
18f526471.jpg,0
c21ef8dba.jpg,0
2a2d69dfa.jpg,0
a47405113.jpg,0
e7609bebf.jpg,0
43c2a66eb.jpg,0
fa416f0d8.jpg,0
40e6994e1.jpg,0
45c63dd92.jpg,0
c0eb590ad.jpg,0
10e2b4a2f.jpg,0
268ae31ad.jpg,0
1a49ca8c6.jpg,0
b1d20265a.jpg,0
bd7ff1256.jpg,0
28d6327c9.jpg,0
b1b077d9f.jpg,0
3c814ab2e.jpg,0
20ba7f831.jpg,0
9636941f3.jpg,0
2178e71f6.jpg,0
557e40178.jpg,0
0cd2bb113.jpg,0
c9f63548b.jpg,0
8043a79f5.jpg,0
9d3d28803.jpg,0
af72aeef9.jpg,0
3082bfe9c.jpg,0
d536919a7.jpg,0
9a27e883e.jpg,0
4b2ba578e.jpg,0
06807394b.jpg,0
abe8c2fe0.jpg,0
00d6233bc.jpg,0
52ea93909.jpg,0
b5d2c674e.jpg,0
771c6f6f4.jpg,0
15b0f5c7c.jpg,0
7225a64c5.jpg,0
713f4fd6d.jpg,0
313ac28b8.jpg,0
9cf53a841.jpg,0
d7db42657.jpg,0
33383b9ef.jpg,0
67c284e6e.jpg,0
d2d24b327.jpg,0
c7db5b150.jpg,0
c05c50968.jpg,0
ce053a660.jpg,0
55fc926d1.jpg,0
d86011872.jpg,0
3647bdb6f.jpg,0
11fec4614.jpg,0
6340f3934.jpg,0
a71f48b18.jpg,0
bb3dbb552.jpg,0
b7b70071c.jpg,0
7f9b265cf.jpg,0
dfdedfdb1.jpg,0
45f532c90.jpg,0
c7bb3a78e.jpg,0
6cc63cb2e.jpg,0
7c2601a10.jpg,0
50b4fd4c1.jpg,0
6a3039d41.jpg,0
4cfe1df4b.jpg,0
b90771d45.jpg,0
c66314039.jpg,0
4667ce734.jpg,0
c91759eff.jpg,0
3fb23c01e.jpg,0
f31009a27.jpg,0
e26819e96.jpg,0
59d76d844.jpg,0
ba7ce2bd7.jpg,0
9f6b34e0d.jpg,0
45e6508ad.jpg,0
4db97dacc.jpg,0
aac0e49bd.jpg,0
9fbb85c24.jpg,0
f9927e39d.jpg,0
c4b372942.jpg,0
5a3090700.jpg,0
95cb40c09.jpg,0
a5ab06d68.jpg,0
09935b940.jpg,0
27caaa91c.jpg,0
14e804d2b.jpg,0
7e0f8a5e7.jpg,0
663790549.jpg,0
0fddbbcc3.jpg,0
047e855d6.jpg,0
7d1f94c9f.jpg,0
17770f2a8.jpg,0
ec454bca5.jpg,0
afc06a21d.jpg,0
41f6882d9.jpg,0
b8d521916.jpg,0
f8cb227dc.jpg,0
18b4ba8b2.jpg,0
812e67809.jpg,0
1480d350c.jpg,0
e7e55e0f2.jpg,0
098c7c70d.jpg,0
6e54a8be3.jpg,0
bf0fc8a9b.jpg,0
29dd83d9a.jpg,0
beb694233.jpg,0
f8c9d22b2.jpg,0
f216ae6bb.jpg,0
b2ad9f61c.jpg,0
6a334c17f.jpg,0
a5d105d9c.jpg,0
4b9c54821.jpg,0
cbdf4b27d.jpg,0
559edefea.jpg,0
a0489ef7c.jpg,0
18544d30a.jpg,0
f38169c80.jpg,0
6e1a9364b.jpg,0
a01fcb261.jpg,0
21e55ead2.jpg,0
3c0d4e5eb.jpg,0
d4103fc10.jpg,0
a1f8c6aaf.jpg,0
0272026b4.jpg,0
9328fb97b.jpg,0
bc9334f58.jpg,0
dabe4a1e0.jpg,0
82d01a643.jpg,0
cd2a7caac.jpg,0
559386a8f.jpg,0
00052ed46.jpg,0
9d3545293.jpg,0
598ac5f22.jpg,0
1959fab98.jpg,0
7f5ef4ebb.jpg,0
804dcd841.jpg,0
ebb59fd74.jpg,0
953d6b00a.jpg,0
69b64db94.jpg,0
39509eeb7.jpg,0
9d1cb3b1a.jpg,0
4e161d1f0.jpg,0
38804e386.jpg,0
f61c989ea.jpg,0
c0f444aa8.jpg,0
b30441c62.jpg,0
f3ee2fc38.jpg,0
eebbe1d78.jpg,0
305a5c8c9.jpg,0
7ed50504e.jpg,0
3f0ef396b.jpg,0
3f483ce4b.jpg,0
86fca20af.jpg,0
a53660d4e.jpg,0
9a680b69a.jpg,0
da7d0aec7.jpg,0
cde340bdd.jpg,0
899dd79a0.jpg,0
ae48a0e8d.jpg,0
8785f848f.jpg,0
0f67d2268.jpg,0
fd6d95519.jpg,0
120cb2f8c.jpg,0
f4426c5d9.jpg,0
4af31308b.jpg,0
fbb2f74ef.jpg,0
dfc9a247a.jpg,0
72265005d.jpg,0
f261b493a.jpg,0
77da3f9d2.jpg,0
1261c37c0.jpg,0
68a0b7084.jpg,0
a01498a7c.jpg,0
6e996fb95.jpg,0
cae120a27.jpg,0
4f8abd17b.jpg,0
0d8333b07.jpg,0
1b9570d87.jpg,0
519674e36.jpg,0
e91047518.jpg,0
b2219faac.jpg,0
5eb87d5fb.jpg,0
f6f3ef57c.jpg,0
ade9a2769.jpg,0
90424a596.jpg,0
2342a55ed.jpg,0
6bf946673.jpg,0
37bc99daf.jpg,0
31c12ae21.jpg,0
6008c43aa.jpg,0
fed333019.jpg,0
f677cb45c.jpg,0
86c96b949.jpg,0
034ca53a9.jpg,0
ccad92a75.jpg,0
ec5fefe8b.jpg,0
c3f837bd6.jpg,0
e2a7514c7.jpg,0
40e16668f.jpg,0
a91aaf8a1.jpg,0
7814b6f87.jpg,0
41db5e32f.jpg,0
1a973f756.jpg,0
6b11b3a83.jpg,0
f4739b0af.jpg,0
4ed540136.jpg,0
f2986db4d.jpg,0
5f80b7baa.jpg,0
145c1ca39.jpg,0
e2ae1b6fe.jpg,0
a094d6089.jpg,0
be5661228.jpg,0
c9fe9f910.jpg,0
efb54a85c.jpg,0
70b3f8c1f.jpg,0
b68126407.jpg,0
6cc9590ca.jpg,0
47fce51a6.jpg,0
6bb365041.jpg,0
1b937c6b9.jpg,0
a3ddcb45b.jpg,0
2877ff691.jpg,0
adc607215.jpg,0
f32ae04cb.jpg,0
4b1273e0a.jpg,0
42fdcd850.jpg,0
de85d9238.jpg,0
57d19465e.jpg,0
9ced96d31.jpg,0
3f71c2df0.jpg,0
12f704657.jpg,0
70cf930f1.jpg,0
d0d42f4d5.jpg,0
0c17161f9.jpg,0
64dacfead.jpg,0
60e452cb0.jpg,0
a182ca926.jpg,0
b18b7f7da.jpg,0
b83b49935.jpg,0
eac5b6214.jpg,0
780b6e8ee.jpg,0
dcbfa48e5.jpg,0
e1a930a26.jpg,0
9408ae5da.jpg,0
3b1dca2db.jpg,0
9f12c1db2.jpg,0
a5ad5b862.jpg,0
4d4f8056f.jpg,0
9a02ba875.jpg,0
3d5ad3071.jpg,0
6d71659f5.jpg,0
d6eb507fb.jpg,0
7ae2f108d.jpg,0
a7f22bed5.jpg,0
30577c36a.jpg,0
292b10f91.jpg,0
0793d1f8b.jpg,0
09f148530.jpg,0
4f584d8ef.jpg,0
6abb97136.jpg,0
cc1615701.jpg,0
dca30c2a5.jpg,0
25b67e6ac.jpg,0
6e844eb73.jpg,0
5b3fce3b8.jpg,0
f1092078d.jpg,0
7d6098311.jpg,0
fa1a895ea.jpg,0
0c94f1eff.jpg,0
6541fdceb.jpg,0
759df2449.jpg,0
961f6c5ba.jpg,0
e2c09e6db.jpg,0
d9eb841cd.jpg,0
70421515d.jpg,0
e8e14063e.jpg,0
7504e0727.jpg,0
c55488a8b.jpg,0
f6e141ad3.jpg,0
5f16c2e4c.jpg,0
9a048b680.jpg,0
03dfe332a.jpg,0
88e0215bc.jpg,0
112c69730.jpg,0
5a159f814.jpg,0
f4957eeeb.jpg,0
e498481f2.jpg,0
bd8eb0c5a.jpg,0
ad7497c89.jpg,0
69d4114d7.jpg,0
4bffc5f2d.jpg,0
b04521ba5.jpg,0
032500436.jpg,0
bd083aa87.jpg,0
bc362a430.jpg,0
8e06f117d.jpg,0
33f4cfd0a.jpg,0
d4a25d17c.jpg,0
162aa86ab.jpg,0
005a782bb.jpg,0
48dfb78b6.jpg,0
c7974289a.jpg,0
555e54dd0.jpg,0
0617210c7.jpg,0
1e6cc3195.jpg,0
cffcb5d74.jpg,0
139a30471.jpg,0
04db6449a.jpg,0
9f710ac17.jpg,0
7beef222a.jpg,0
33ea12b1c.jpg,0
966ab5702.jpg,0
f257a7f96.jpg,0
caed0d14d.jpg,0
d7b63873b.jpg,0
70da95dae.jpg,0
15e27a586.jpg,0
07968babb.jpg,0
f78f3a80b.jpg,0
54071f02b.jpg,0
7d21e1946.jpg,0
f6b35c7e4.jpg,0
466d151a5.jpg,0
ecc216d7a.jpg,0
7bffb9cdc.jpg,0
5ea896623.jpg,0
322deb8c1.jpg,0
6f5f33c9e.jpg,0
37dc37af3.jpg,0
ab634707a.jpg,0
d6e9a00f3.jpg,0
6e13dcf0b.jpg,0
8995c6ef4.jpg,0
b93c570da.jpg,0
d5f0b2450.jpg,0
117864467.jpg,0
a71c0d62a.jpg,0
cdfee8f2f.jpg,0
38df9f65d.jpg,0
7f0eee93b.jpg,0
56ee2438a.jpg,0
3270ed74e.jpg,0
2840e8520.jpg,0
bb48315ab.jpg,0
2455e48f7.jpg,0
7184a22af.jpg,0
13c6e9925.jpg,0
b68b8226e.jpg,0
8f7332c2b.jpg,0
42c4b8a4a.jpg,0
b5b3fc80f.jpg,0
b5a1e48f8.jpg,0
4e3e876cb.jpg,0
58633be5a.jpg,0
4a7e5d95f.jpg,0
78e1ad8b9.jpg,0
6cc7ad30a.jpg,0
8094fa342.jpg,0
5df97a374.jpg,0
e2f6c5bcb.jpg,0
562f84750.jpg,0
98204973b.jpg,0
6f745b6f3.jpg,0
94c8d4f5a.jpg,0
ddf14273d.jpg,0
7ce2a5531.jpg,0
00bc32969.jpg,0
d2bbc48e5.jpg,0
a41d03bc3.jpg,0
434590dd2.jpg,0
786473819.jpg,0
b2dafd545.jpg,0
3aa04fd6e.jpg,0
a32d531cb.jpg,0
a74169490.jpg,0
37df6cfaf.jpg,0
b29e09d09.jpg,0
c7d559e21.jpg,0
b8bc1c59e.jpg,0
20600cdbd.jpg,0
009a622f1.jpg,0
d05d1b63d.jpg,0
bb788ce49.jpg,0
8e13a0977.jpg,0
86486235e.jpg,0
f86ab64b1.jpg,0
3d1592333.jpg,0
d9f537983.jpg,0
0e805d5ce.jpg,0
ea86f373b.jpg,0
9b6efffd0.jpg,0
2cf23d9f8.jpg,0
61a0d728d.jpg,0
648366a78.jpg,0
db280a201.jpg,0
9df421346.jpg,0
0e3c62980.jpg,0
714c3eec6.jpg,0
2b672f9d0.jpg,0
fc27b0aef.jpg,0
41eb78209.jpg,0
3860eb20b.jpg,0
6e0861541.jpg,0
83c4e66d7.jpg,0
4e53d8359.jpg,0
6cd660fa8.jpg,0
d34ee5c7f.jpg,0
d648ea539.jpg,0
4fe1a8777.jpg,0
b9d97e128.jpg,0
189aa7ae0.jpg,0
3609f80bb.jpg,0
54a590473.jpg,0
4c333b02d.jpg,0
494863c85.jpg,0
fd0870fdc.jpg,0
5d7f6a2c7.jpg,0
62891dfb2.jpg,0
8053b2520.jpg,0
9da20ab94.jpg,0
b700f74d4.jpg,0
920136eb6.jpg,0
a61459fe7.jpg,0
a03a92395.jpg,0
6deccd385.jpg,0
ab398b085.jpg,0
a2f492410.jpg,0
013241413.jpg,0
b03fcafc7.jpg,0
a708ede57.jpg,0
492682890.jpg,0
3314eddcb.jpg,0
5e6a7e257.jpg,0
53719db50.jpg,0
996a2b8d4.jpg,0
b0d24f814.jpg,0
616da3a81.jpg,0
1f7cb09d3.jpg,0
7e185b7d8.jpg,0
d3bbeaae6.jpg,0
472ae54a3.jpg,0
6f67bed0b.jpg,0
8ef750928.jpg,0
685ae33d8.jpg,0
8ca92af1e.jpg,0
26c8c11c0.jpg,0
23bcc21c1.jpg,0
f682fa448.jpg,0
90e95f702.jpg,0
5bb2758da.jpg,0
b1b7d4b99.jpg,0
e38810faa.jpg,0
2217a6d89.jpg,0
6afb44933.jpg,0
f00681527.jpg,0
5fe2f2b37.jpg,0
5fe5af744.jpg,0
31d239397.jpg,0
bf4b61637.jpg,0
b6aa0305f.jpg,0
c81bd0ab2.jpg,0
017a278ad.jpg,0
f04346f77.jpg,0
f57caafd0.jpg,0
07c7739f7.jpg,0
250b471f0.jpg,0
1e1c82d74.jpg,0
6418de8c4.jpg,0
ea681a109.jpg,0
4a46e2444.jpg,0
786394d6e.jpg,0
502795de5.jpg,0
213b21106.jpg,0
1b4a15d09.jpg,0
c2e11ce4e.jpg,0
b4ddd995e.jpg,0
edf65f329.jpg,0
532282074.jpg,0
16e09adc1.jpg,0
5bf4ba61f.jpg,0
18ec48763.jpg,0
c6a6c887a.jpg,0
04fdeb5b1.jpg,0
7600935e4.jpg,0
3b9f066ea.jpg,0
6d3f50f9a.jpg,0
b5cac141e.jpg,0
0563c9250.jpg,0
a314abf79.jpg,0
df1f68be4.jpg,0
e64f69bdd.jpg,0
870739c88.jpg,0
ca981fb68.jpg,0
fa7d359fa.jpg,0
f60b7edc9.jpg,0
32c836a5a.jpg,0
c3c227c43.jpg,0
464e658f4.jpg,0
af6c33743.jpg,0
0f89b6399.jpg,0
deb9027df.jpg,0
235232415.jpg,0
106b198c4.jpg,0
0a6d12a5e.jpg,0
ed6a17557.jpg,0
5d46164bf.jpg,0
4e1c9ba6d.jpg,0
55a3c7526.jpg,0
6d092bc05.jpg,0
be910120d.jpg,0
85376ff98.jpg,0
40485b899.jpg,0
9acf0df12.jpg,0
f7212b880.jpg,0
f484b23b1.jpg,0
475b5f087.jpg,0
71816da76.jpg,0
023b586ff.jpg,0
8d25a59ba.jpg,0
185d20696.jpg,0
bbadfc0ef.jpg,0
d5dfcd53d.jpg,0
cfa126fab.jpg,0
de13c41a6.jpg,0
83a45db36.jpg,0
e5272b261.jpg,0
65d7f33ea.jpg,0
31f6c4974.jpg,0
35b758b1e.jpg,0
ea41e114e.jpg,0
b9ea28f39.jpg,0
12161df56.jpg,0
540fe3962.jpg,0
1fc357728.jpg,0
9a24a99ec.jpg,0
ca68e4336.jpg,0
6cb467ea7.jpg,0
e8f3868dd.jpg,0
f4597d2f8.jpg,0
5127eda5e.jpg,0
f2413e58a.jpg,0
e1e83c1ea.jpg,0
5ac7757d7.jpg,0
99bbc8609.jpg,0
c1118b53d.jpg,0
d2b76f2e8.jpg,0
689acca9f.jpg,0
447b960bd.jpg,0
95a65cd17.jpg,0
580416617.jpg,0
a7cbb1bc4.jpg,0
5759fc23f.jpg,0
747391360.jpg,0
ce0b56010.jpg,0
845a3a197.jpg,0
570405471.jpg,0
d132d1ab2.jpg,0
3d1f5ab37.jpg,0
fdd2e698d.jpg,0
b33b10038.jpg,0
87a4b6bc8.jpg,0
0bd65f4d2.jpg,0
1a7901de7.jpg,0
9d7c8132f.jpg,0
73df903e6.jpg,0
3a357b90b.jpg,0
0419b5f10.jpg,0
409a1a3bc.jpg,0
10f2ce8bc.jpg,0
cd0ee7ec9.jpg,0
13c670ad9.jpg,0
afb7f56f1.jpg,0
61db58525.jpg,0
9c76604ab.jpg,0
09c24e042.jpg,0
114a32b02.jpg,0
0225ea6d7.jpg,0
33951369c.jpg,0
b1e3ca0ee.jpg,0
7975e8d6c.jpg,0
1f20009e3.jpg,0
0ede7ea21.jpg,0
8ac451a61.jpg,0
b5d56d0fe.jpg,0
74b87bbca.jpg,0
6bd8aeac5.jpg,0
760840d04.jpg,0
ed60641c1.jpg,0
4cbdf35ff.jpg,0
f84d19610.jpg,0
2642a4504.jpg,0
dafd0d517.jpg,0
841ad2e82.jpg,0
0dda0c619.jpg,0
529d1b6e4.jpg,0
50d98bee5.jpg,0
b6bb31c56.jpg,0
4aeb07436.jpg,0
8f2f77792.jpg,0
02c3d2f59.jpg,0
18d705031.jpg,0
bd61be17c.jpg,0
a74670923.jpg,0
7da05ccfe.jpg,0
ebee73f2f.jpg,0
87620b621.jpg,0
85c7fa1a0.jpg,0
eb81baf5e.jpg,0
fcdc9ac9b.jpg,0
6e193c608.jpg,0
d830ab320.jpg,0
2a77cf2d0.jpg,0
0c286feb6.jpg,0
15fa2f3a5.jpg,0
32ed13df1.jpg,0
aa09ed589.jpg,0
0f25fddff.jpg,0
6b7bcdb83.jpg,0
7dd8e18df.jpg,0
7f84f3d9f.jpg,0
ed63d19d3.jpg,0
c90dc208c.jpg,0
f757cb8ef.jpg,0
46808ceff.jpg,0
7578218b8.jpg,0
1f620d2c5.jpg,0
cc9f24a61.jpg,0
5a8c6dd5c.jpg,0
b539675c3.jpg,0
0865b2a4a.jpg,0
4545787fa.jpg,0
67928bee9.jpg,0
5f8918d1a.jpg,0
b5233f711.jpg,0
126bf89c3.jpg,0
e7fb19528.jpg,0
21a139bb2.jpg,0
de09f8663.jpg,0
f66069b8f.jpg,0
bea015596.jpg,0
d2c2df682.jpg,0
82c5b3d01.jpg,0
c5b372210.jpg,0
8189c82eb.jpg,0
d72319a92.jpg,0
a7d1b5a5c.jpg,0
10a65683e.jpg,0
822ace3cb.jpg,0
883017a45.jpg,0
b58a636d0.jpg,0
1b40f095b.jpg,0
29c2c5d70.jpg,0
7d097379e.jpg,0
efdb931c4.jpg,0
333b88646.jpg,0
880304c1e.jpg,0
f57aedf4d.jpg,0
b9caff638.jpg,0
5604a1790.jpg,0
c040089c5.jpg,0
2433d3856.jpg,0
e5d9da3f2.jpg,0
9ca60eab2.jpg,0
c4ed31afb.jpg,0
026ede99c.jpg,0
5a7fd87d1.jpg,0
15d693f3d.jpg,0
8df9108ff.jpg,0
617674e96.jpg,0
7fbe0c4a7.jpg,0
d06d5b7e5.jpg,0
378302e27.jpg,0
216548bd2.jpg,0
e6d1bd3de.jpg,0
f60d38d83.jpg,0
ee71cef83.jpg,0
7a6e5ed1d.jpg,0
055d51a8a.jpg,0
fbd6b8f55.jpg,0
77c62a5a2.jpg,0
aaf151f02.jpg,0
503d12091.jpg,0
eea02040d.jpg,0
be93ec25d.jpg,0
c1862d6b1.jpg,0
804a8c3e2.jpg,0
fb39b9a28.jpg,0
74be7d6a2.jpg,0
911f81c97.jpg,0
73cd5de23.jpg,0
b744fa9f0.jpg,0
c87d8caa6.jpg,0
81ca1bcb9.jpg,0
d2732d905.jpg,0
cbc7eb534.jpg,0
be874b7bf.jpg,0
7eac6a53d.jpg,0
ced44b913.jpg,0
e23d4a2aa.jpg,0
16e51a0da.jpg,0
3039cce7d.jpg,0
0fc77ac5e.jpg,0
14f49d3ef.jpg,0
84b11b81d.jpg,0
af56ac25d.jpg,0
913647e67.jpg,0
0c019dcbf.jpg,0
674cef931.jpg,0
ec135b732.jpg,0
cd7a7ca61.jpg,0
c9a2830d3.jpg,0
8e9f2aebd.jpg,0
1509388fa.jpg,0
e2da8b830.jpg,0
2edb6c29d.jpg,0
b04c990b6.jpg,0
454eb44cf.jpg,0
37cfa6897.jpg,0
13c033343.jpg,0
59cc7a6ca.jpg,0
8269dac4a.jpg,0
31b169769.jpg,0
3955423e8.jpg,0
d47228654.jpg,0
1012bf434.jpg,0
8a982af4e.jpg,0
3d9019c31.jpg,0
ee6a9e18f.jpg,0
4ac8dd2b7.jpg,0
b5d2902d8.jpg,0
b5d5426d8.jpg,0
97f5ccfbc.jpg,0
6f4f5af3b.jpg,0
bd1efd174.jpg,0
c0a03e216.jpg,0
0bb1a8d3b.jpg,0
80e3efb97.jpg,0
11c22eb6c.jpg,0
1d58fa2bc.jpg,0
7ee7b9cbd.jpg,0
104e60a70.jpg,0
2b5d07fc8.jpg,0
d58684de0.jpg,0
e098212d7.jpg,0
c5732cb0a.jpg,0
732f7bd50.jpg,0
658ea5484.jpg,0
1c665c09b.jpg,0
e6493e9bf.jpg,0
214806af6.jpg,0
6c25193a0.jpg,0
419261f60.jpg,0
b46f41233.jpg,0
326d62bc4.jpg,0
0763f368a.jpg,0
846d181f1.jpg,0
cbf7f7a2f.jpg,0
a7529de20.jpg,0
d19625c93.jpg,0
99bd0dade.jpg,0
47e162adb.jpg,0
c684bd904.jpg,0
7d27b9662.jpg,0
9e232d154.jpg,0
3a80b7a09.jpg,0
ab92c4b8e.jpg,0
589227dc5.jpg,0
97f66c50d.jpg,0
59a8011b8.jpg,0
3a56b95a9.jpg,0
720fafef2.jpg,0
03b8bb02c.jpg,0
b48fd2c8e.jpg,0
6cc2de82c.jpg,0
f345578b3.jpg,0
21bf78b47.jpg,0
bb8ff2418.jpg,0
d5f10718d.jpg,0
3ebbf9925.jpg,0
33675f949.jpg,0
f17db17bd.jpg,0
a6d257a57.jpg,0
28548023c.jpg,0
651fc34f8.jpg,0
8ca1bbcc2.jpg,0
a129344e5.jpg,0
2c5fbc7ce.jpg,0
932e2badd.jpg,0
2a0c71c2d.jpg,0
a635d548f.jpg,0
789aabffa.jpg,0
3802b6972.jpg,0
11fc813be.jpg,0
b281dff7a.jpg,0
f2cd4fd11.jpg,0
6d98e0056.jpg,0
5d1a9ca98.jpg,0
de24678ac.jpg,0
dd53c49f1.jpg,0
5a6cb1b7f.jpg,0
2dba4ec7c.jpg,0
de35857b3.jpg,0
8a7e5641e.jpg,0
3241bfe3d.jpg,0
b3104fc58.jpg,0
fe8fad4e9.jpg,0
a4e6d08fa.jpg,0
ee9546991.jpg,0
22d568016.jpg,0
0848ab59d.jpg,0
a069fd79b.jpg,0
96209c65d.jpg,0
53dc7e5fd.jpg,0
4cf5af1d1.jpg,0
d0b741ae6.jpg,0
c80ba4c40.jpg,0
e9e083cd3.jpg,0
816d7b42b.jpg,0
a68628ff0.jpg,0
06f52d783.jpg,0
fe64679a1.jpg,0
905b8c149.jpg,0
b3802aae1.jpg,0
